{
  "train_loss": [
    1.0683868028998376,
    0.9632488849639893,
    0.9518966975927353,
    0.9484835640668869,
    0.9434739957809448,
    0.9428284622430801,
    0.9383801477789879,
    0.9346080239415169
  ],
  "val_loss": [
    0.7381445464906811,
    0.6851790109107684,
    0.7133498878774648,
    0.8096809968158968,
    0.7174398731289899,
    0.6911491778972723,
    0.6694306539426292,
    0.7423374247507171
  ],
  "train_acc": [],
  "val_acc": [
    0.478,
    0.504,
    0.49,
    0.445,
    0.488,
    0.501,
    0.512,
    0.476
  ],
  "config": {
    "num_blocks": 4,
    "num_channels": 128,
    "hidden_dim": 256,
    "learning_rate": 0.0005,
    "batch_size": 64,
    "max_samples_train": null
  }
}