{
  "train_loss": [
    0.9894836612071649,
    0.9474439471605862,
    0.9356377828238891,
    0.923229353331761,
    0.9100413697852275,
    0.8959081920044669,
    0.8836154579505948,
    0.8742004667716481,
    0.8617972545659527,
    0.851146000855844,
    0.8409295064327507,
    0.8312243597721962,
    0.8223330199576793,
    0.8140304930403237,
    0.8064094593192961,
    0.7994175312570951,
    0.7925634189396633,
    0.7827194747742362,
    0.7778913962446503,
    0.7700641312156044,
    0.7322616905279146
  ],
  "val_loss": [
    0.942319853075089,
    0.9351755307566735,
    0.9203133886860263,
    0.9129916760229295,
    0.898228354607859,
    0.888104381099824,
    0.8832031603782408,
    0.8738953336592643,
    0.8692021915989537,
    0.8697303402808405,
    0.8608709550672962,
    0.8644830330725639,
    0.8646474638292866,
    0.8726616840208731,
    0.8749768387886786,
    0.8795320860801205,
    0.88392595360356,
    0.8976001005018911,
    0.8955646661020095,
    0.9084087271844187,
    0.993743936861715
  ],
  "train_acc": [
    0.45936940842004814,
    0.48437989773567647,
    0.4972336638761757,
    0.508434512381864,
    0.5178513608111348,
    0.5277239707155362,
    0.5357406110437899,
    0.5421131768693521,
    0.5513326873790632,
    0.5570041968162458,
    0.565015055096156,
    0.5712591233942709,
    0.5757687811845834,
    0.5810568387628495,
    0.5852385523616124,
    0.5899164337527929,
    0.5945879889048962,
    0.599783601730784,
    0.6035058805478908,
    0.6077156880995456,
    0.6285679321344427
  ],
  "val_acc": [
    0.4782532991901521,
    0.49583944293760485,
    0.5111162024159586,
    0.5117302052436337,
    0.5263379766095069,
    0.5273826979821729,
    0.5312683286205415,
    0.5430076979821729,
    0.553482404831917,
    0.5485153959643456,
    0.5562683286205414,
    0.5567631965683353,
    0.5603830645161291,
    0.5571206012079792,
    0.5573955278242788,
    0.5561491935483871,
    0.5586326979821729,
    0.554133064516129,
    0.5549761729855691,
    0.5565249266162995,
    0.5588618036239378
  ],
  "lr": [
    0.0003,
    0.0003,
    0.0003,
    0.0003,
    0.0003,
    0.0003,
    0.0003,
    0.0003,
    0.0003,
    0.0003,
    0.0003,
    0.0003,
    0.0003,
    0.0003,
    0.0003,
    0.0003,
    0.0003,
    0.0003,
    0.0003,
    0.00015,
    0.00015
  ],
  "config": {
    "data_dir": "C:/Users/ilies/Documents/cours/projFiLM/CLEVR_v1.0",
    "max_samples_train": 700000,
    "max_samples_val": 9900,
    "img_size": 128,
    "max_question_length": 45,
    "num_blocks": 4,
    "num_channels": 128,
    "embedding_dim": 300,
    "hidden_dim": 256,
    "rnn_num_layers": 2,
    "classifier_proj_dim": 512,
    "dropout": 0.0,
    "classifier_dropout": 0.5,
    "use_batchnorm": true,
    "fix_gamma": false,
    "fix_beta": false,
    "num_epochs": 30,
    "batch_size": 64,
    "learning_rate": 0.0003,
    "weight_decay": 0.0,
    "grad_clip": 0.0,
    "seed": 42,
    "run_dir": "runs/default",
    "save_gamma_beta": true,
    "input_channels": 1024,
    "feature_map_size": 14,
    "vocab_size": 82
  }
}